* Categories *,* Colour *,* ID *
SADD,#8D4D6D,-1
Otago Polytechnic,#005A8C,0
Social and Community Services,#4e6e9f,1
Service Industries,#4d9d91,2
Primary Industries,#599d4d,3
Creative Industries,#959d4d,4
Construction and Infrastructure,#E26605,5
Manufacturing and Technology,#9d4d59,6
* Videos *,* Video DIRECT Link *,* ID *
"Aeronautical Engineering",https://www.youtube.com/embed/yMNGKMUzKfw,3
"Aeronautical Engineering",https://www.youtube.com/embed/yMNGKMUzKfw,8
"Agricultural Scientist ",https://www.youtube.com/embed/0seKBvgXQps,3
"Agricultural Scientist ",https://www.youtube.com/embed/0seKBvgXQps,5
"Agricultural Scientist ",https://www.youtube.com/embed/0seKBvgXQps,8
"Aircraft Engineering",https://www.youtube.com/embed/OUBFEcCULoE,3
"Aircraft Engineering",https://www.youtube.com/embed/OUBFEcCULoE,8
"Airport Customer Services",https://www.youtube.com/embed/pW4JyOIQFro,3
"Amenity Horticulture",https://www.youtube.com/embed/gKToW66aGK0,5
"Amenity Horticulture",https://www.youtube.com/embed/gKToW66aGK0,7
"Anaesthetic Technician",https://www.youtube.com/embed/-JnMRrVdsJw,3
"Apprentice Electrician ",https://www.youtube.com/embed/egZU2LmciF4,7
"Apprentice Electrician ",https://www.youtube.com/embed/egZU2LmciF4,8
"Aquaculture",https://www.youtube.com/embed/EdW8AvxJuwU,5
"Aquaculture - Mussel Farming ",https://www.youtube.com/embed/PZ2bVkoIpI4,5
"Arboriculture",https://www.youtube.com/embed/-BkjZ23Cem8,5
"Army Officer",https://www.youtube.com/embed/_D8fUtg8nIc,3
"Army Officer",https://www.youtube.com/embed/_D8fUtg8nIc,4
"Auckland Council",https://www.youtube.com/embed/p58CSGnItZE,3
"Auckland Council",https://www.youtube.com/embed/p58CSGnItZE,4
"Auckland Council",https://www.youtube.com/embed/p58CSGnItZE,5
"Automotive Collision Repair",https://www.youtube.com/embed/mkOoWobx4aA,8
"Automotive Electrical Engineering ",https://www.youtube.com/embed/h7kAwmkwaD4,8
"Automotive Engineering",https://www.youtube.com/embed/4O5Hbwnrvmg,8
"Automotive Heavy Engineering",https://www.youtube.com/embed/LxMFzYqJ2EQ,8
"Automotive Heavy Engineering",https://www.youtube.com/embed/4YR-t-Ao4cs,8
"Automotive Heavy Engineering - Agricultural Equipment",https://www.youtube.com/embed/4FtROM9PF80,8
"Automotive Refinisher",https://www.youtube.com/embed/6a0tR_NnMag,8
"Automotive Services Advisor",https://www.youtube.com/embed/p62dsMKhBnQ,8
"Automotive Technician",https://www.youtube.com/embed/UFSIly07g8o,8
"Automotive Workshop Supervisor",https://www.youtube.com/embed/uPoi1lJmHho,8
"Baking",https://www.youtube.com/embed/lHOM-0E4oNo,4
"Baking",https://www.youtube.com/embed/lHOM-0E4oNo,6
"Baking",https://www.youtube.com/embed/lHOM-0E4oNo,8
"Banking - Customer Services Consultant ANZ",https://www.youtube.com/embed/jtNsN8PK96M,4
"Banking - Customer Services Officer ANZ",https://www.youtube.com/embed/b7Jf1E_MZZo,4
"Banking - Lending Services Officer ANZ ",https://www.youtube.com/embed/sltL5YjuUIk,4
"Brewer",https://www.youtube.com/embed/lacLug5XhJw,4
"Brewer",https://www.youtube.com/embed/lacLug5XhJw,8
"Building and Carpentry",https://www.youtube.com/embed/dXanRR2Md8k,7
"Bus Driving",https://www.youtube.com/embed/a9Jh2vEfPPs,4
"Canvas Fabrication Technician",https://www.youtube.com/embed/fqwMOvro3KQ,7
"Canvas Fabrication Technician",https://www.youtube.com/embed/fqwMOvro3KQ,8
"Career Firefighter ",https://www.youtube.com/embed/dEYWQcUgUc8,3
"Carls Jr",https://www.youtube.com/embed/VrXJMLRd1IQ,4
"Carpenter",https://www.youtube.com/embed/qtFR9VwAdls,6
"Carpenter",https://www.youtube.com/embed/qtFR9VwAdls,7
"Carpentry",https://www.youtube.com/embed/nc_32xhkxTI,6
"Carpentry",https://www.youtube.com/embed/nc_32xhkxTI,7
"Carpentry CHCH",https://www.youtube.com/embed/0kvuFQn39io,6
"Carpentry CHCH",https://www.youtube.com/embed/0kvuFQn39io,7
"Carpet and Vinyl Installation",https://www.youtube.com/embed/qEuFwTwQ0Qs,7
"Civil Construction",https://www.youtube.com/embed/AarBa5TomkY,7
"Civil Construction",https://www.youtube.com/embed/AarBa5TomkY,8
"Civil Engineer ",https://www.youtube.com/embed/VpeeaClpXnM,7
"Civil Engineer ",https://www.youtube.com/embed/VpeeaClpXnM,8
"Civil Engineering",https://www.youtube.com/embed/GcLX8Dv2KyQ,7
"Civil Engineering",https://www.youtube.com/embed/GcLX8Dv2KyQ,8
"Civil Engineering Technician",https://www.youtube.com/embed/HtVxO18jLnc,7
"Civil Engineering Technician",https://www.youtube.com/embed/HtVxO18jLnc,8
"Civil Laboratory Technician",https://www.youtube.com/embed/2R3rQHDGjzM,7
"Civil Laboratory Technician",https://www.youtube.com/embed/2R3rQHDGjzM,8
"Coca Cola - Graduate Opportunites ",https://www.youtube.com/embed/2HDAvCgJ5tE,4
"Coca Cola Amatil - Key Account Manager ",https://www.youtube.com/embed/KDVC_NfKnUk,4
"Commercial Construction",https://www.youtube.com/embed/phDFeeVSy9g,7
"Commercial Flooring",https://www.youtube.com/embed/5dhvM7Qlm8E,7
"Commercial Flooring",https://www.youtube.com/embed/5dhvM7Qlm8E,8
"Community Care and Support",https://www.youtube.com/embed/8FwlWpsmTu0,3
"Community Health Worker",https://www.youtube.com/embed/0qdkSeVeSSQ,3
"Community Healthcare",https://www.youtube.com/embed/FGbshtLPd5k,3
"Concrete Construction",https://www.youtube.com/embed/SpkMGaL1iXE,7
"Corrections Case Manager",https://www.youtube.com/embed/Ticp55HIPw0,3
"Corrections Inmate Employment Instructor",https://www.youtube.com/embed/fTKVPJLgFLQ,3
"Corrections Officer",https://www.youtube.com/embed/W2LwmYl8rJQ,3
"Corrections Probation Officer and Community Work Supervisor",https://www.youtube.com/embed/rp_aiS7EYOA,3
"Corrections Psychologist and Programme Facilitator",https://www.youtube.com/embed/ksJjz6crBp4,3
"Crane Operation",https://www.youtube.com/embed/TYB7UmbLR14,7
"Crane Operation",https://www.youtube.com/embed/TYB7UmbLR14,8
"Crane Operator ",https://www.youtube.com/embed/aHTVWoKE2bw,7
"Crane Operator ",https://www.youtube.com/embed/aHTVWoKE2bw,8
"Customs",https://www.youtube.com/embed/lWJiRhEB8K0,3
"Customs",https://www.youtube.com/embed/lWJiRhEB8K0,4
"Dairy Farmer ",https://www.youtube.com/embed/Xnx4GZbaz3E,5
"Dairy Farming",https://www.youtube.com/embed/N26T7Iai1GA,5
"Deep Sea Fishing - Deckhand ",https://www.youtube.com/embed/6_A_o8YNy9E,4
"Deep Sea Fishing - Deckhand ",https://www.youtube.com/embed/6_A_o8YNy9E,5
"Deep Sea Fishing - Engineering",https://www.youtube.com/embed/JaloE59sldc,5
"Deep Sea Fishing - Engineering",https://www.youtube.com/embed/JaloE59sldc,8
"Deep Sea Fishing - Processing ",https://www.youtube.com/embed/4b3AQ44P5Hk,5
"Deep Sea Fishing - Processing ",https://www.youtube.com/embed/4b3AQ44P5Hk,8
"Dental Hygenist",https://www.youtube.com/embed/Kc5aIRnKrpc,3
"Dentistry and Oral Health",https://www.youtube.com/embed/dccB3YnJQu8,3
"Dentistry and Oral Health Hygiene and Therapy",https://www.youtube.com/embed/o6Q72lyxluI,3
"DOC Ranger",https://www.youtube.com/embed/6I9YcveLWWE,3
"DOC Ranger",https://www.youtube.com/embed/6I9YcveLWWE,5
"Drainlaying",https://www.youtube.com/embed/gbTz3QZQQwQ,7
"Drilling",https://www.youtube.com/embed/0R81mDJGqt4,7
"Early Childhood Teacher (Kaiako) Te Puna Reo ",https://www.youtube.com/embed/fo7WHHjv0MM,3
"Early Childhood Teaching",https://www.youtube.com/embed/NvAMYppiG-k,3
"Eco Tourism",https://www.youtube.com/embed/mIFcOIOr42s,4
"Educational Psychologist Teacher",https://www.youtube.com/embed/MvyjQAnE6bQ,3
"Electrical Engineering",https://www.youtube.com/embed/bExHT5hZwHE,7
"Electrical Engineering",https://www.youtube.com/embed/bExHT5hZwHE,8
"Electrician",https://www.youtube.com/embed/7w7TxLHB1sI,7
"Electrician",https://www.youtube.com/embed/7w7TxLHB1sI,8
"Emergency Response",https://www.youtube.com/embed/4Tp3U2Evd1I,3
"Equine Industry",https://www.youtube.com/embed/HTk4_RzS_hA,5
"Fashion",https://www.youtube.com/embed/22GhYTsKJk8,4
"Fire Investigator",https://www.youtube.com/embed/bwuxi_aW39A,3
"Fire Protection",https://www.youtube.com/embed/E5uugUu6LCg,3
"Fire Risk Management",https://www.youtube.com/embed/vgE0-WNDyMo,3
"Firefighting with the NZ Fire Service",https://www.youtube.com/embed/qUh0jcGqZlM,3
"Fitness Instructor ",https://www.youtube.com/embed/rFDgh9dqfAg,4
"Floristry",https://www.youtube.com/embed/hAK_dkQcjOk,4
"Floristry",https://www.youtube.com/embed/hAK_dkQcjOk,6
"Food Technologist in the Seafood Industry",https://www.youtube.com/embed/Y0Um5zaTSVE,5
"Food Technologist in the Seafood Industry",https://www.youtube.com/embed/Y0Um5zaTSVE,8
"Food Technologist in the Seafood Industry ",https://www.youtube.com/embed/Y0Um5zaTSVE,5
"Food Technologist in the Seafood Industry ",https://www.youtube.com/embed/Y0Um5zaTSVE,8
"Forestry",https://www.youtube.com/embed/lTaU9ZE45vg,5
"Forestry Truck Driver ",https://www.youtube.com/embed/9Teew6OTV6E,4
"Frame and Truss Manufacturing ",https://www.youtube.com/embed/WZVjPgGn2ns,7
"Frame and Truss Manufacturing ",https://www.youtube.com/embed/WZVjPgGn2ns,8
"Freight Forward - Export",https://www.youtube.com/embed/_3Hz_2tOw8M,4
"Freight Forwarder ",https://www.youtube.com/embed/VAIhY8fArvk,4
"Freight Forwarding - Import",https://www.youtube.com/embed/3uUeHeoM_gE,4
"Fruit Production",https://www.youtube.com/embed/bpYHwJs3-4Y,5
"Furniture Manufacturing",https://www.youtube.com/embed/utHqEjyiCEI,6
"Furniture Manufacturing",https://www.youtube.com/embed/utHqEjyiCEI,8
"Gardener",https://www.youtube.com/embed/PhL00P2kZkM,4
"Gardener",https://www.youtube.com/embed/PhL00P2kZkM,5
"Gas Technician",https://www.youtube.com/embed/hMdMj9wCmlo,7
"General Practitioner and Medical Lab Scientist",https://www.youtube.com/embed/Vg6E4k1KbKE,3
"Glass Making Industry",https://www.youtube.com/embed/rh1__rssMU4,7
"Glass Making Industry",https://www.youtube.com/embed/rh1__rssMU4,8
"Gold Mining",https://www.youtube.com/embed/ksXHnxyjUiw,5
"Gold Mining",https://www.youtube.com/embed/ksXHnxyjUiw,7
"Gold Mining",https://www.youtube.com/embed/ksXHnxyjUiw,8
"Golf Course Management ",https://www.youtube.com/embed/qvotefPGpUc,4
"Golf Course Management ",https://www.youtube.com/embed/qvotefPGpUc,5
"Hairdresser/Barber",https://www.youtube.com/embed/KoPueruP_X0,4
"Hairdresser/Barber",https://www.youtube.com/embed/KoPueruP_X0,6
"Hairdressing",https://www.youtube.com/embed/6SDSDk1PAgk,4
"Hairdressing",https://www.youtube.com/embed/6SDSDk1PAgk,6
"Hairdressing",https://www.youtube.com/embed/8Q09RtXCCeI,4
"Hairdressing",https://www.youtube.com/embed/8Q09RtXCCeI,6
"Health Protection Officer",https://www.youtube.com/embed/VzK59mUGMxE,3
"Health Protection Officer",https://www.youtube.com/embed/VzK59mUGMxE,3
"Health Protection Officer and a Public Health Nurse",https://www.youtube.com/embed/CU3WAvW_CW0,3
"Heating, Ventilation and Air Conditioning",https://www.youtube.com/embed/_Er_J28Kj4w,7
"Heating, Ventilation and Air Conditioning",https://www.youtube.com/embed/_Er_J28Kj4w,8
"Heating, Ventilation and Air Conditioning ",https://www.youtube.com/embed/h6t5f7wKUWI,7
"Heating, Ventilation and Air Conditioning ",https://www.youtube.com/embed/h6t5f7wKUWI,8
"Hire Industry",https://www.youtube.com/embed/-k_nFcclIpY,4
"Hospital and Operating Theatre",https://www.youtube.com/embed/jlJnQOQN6sU,3
"Hospital Theatre",https://www.youtube.com/embed/qeY7EmIv7vw,4
"Hospitality",https://www.youtube.com/embed/YtbJvGvaXtk,4
"Inland Revenue",https://www.youtube.com/embed/oH5ghvUUTqw,3
"Inland Revenue",https://www.youtube.com/embed/oH5ghvUUTqw,4
"Interior Designer ",https://www.youtube.com/embed/L5frPQ4Kz1w,6
"Interior Designer ",https://www.youtube.com/embed/L5frPQ4Kz1w,7
"Interior Systems",https://www.youtube.com/embed/bfMqjTBZS1Y,7
"Interior Systems",https://www.youtube.com/embed/bfMqjTBZS1Y,8
"Irrigation",https://www.youtube.com/embed/TxwRvsrU1Zg,5
"Irrigation",https://www.youtube.com/embed/TxwRvsrU1Zg,8
"KFC",https://www.youtube.com/embed/vcbiM5RVnZ4,4
"Kura Kaupapa Primary Teacher",https://www.youtube.com/embed/CDeTYnlh6n4,3
"Landscaping",https://www.youtube.com/embed/J9VY85U7oxg,5
"Landscaping",https://www.youtube.com/embed/J9VY85U7oxg,6
"Landscaping",https://www.youtube.com/embed/J9VY85U7oxg,7
"Line Fishing",https://www.youtube.com/embed/yAQTNIy_zu0,5
"Log Transportation",https://www.youtube.com/embed/G1z0PAjzcDc,4
"Logistics and Freight Forwarding ",https://www.youtube.com/embed/YiLHsTf1Ldk,4
"Maritime Hospitality - Interislander",https://www.youtube.com/embed/YYVzYiTE8_o,5
"McDonalds",https://www.youtube.com/embed/54kt0xYOlMo,4
"McDonalds - Crew Member",https://www.youtube.com/embed/3LF_ofBrgfU,4
"McDonalds - Head Office Careers NZ",https://www.youtube.com/embed/PTtwH4z0Zjk,4
"McDonalds - Restaurant Manager",https://www.youtube.com/embed/1mARKTY_LVo,4
"Meat Processing",https://www.youtube.com/embed/E5O4l7wkZ9A,5
"Mechanical Engineer ",https://www.youtube.com/embed/vlh7eED7w-8,8
"Mechanical Engineering Technician ",https://www.youtube.com/embed/rt-HAx0qxaQ,8
"Medical Laboratory Scientist",https://www.youtube.com/embed/KDCjlhhnfgI,3
"Medical Laboratory Scientist",https://www.youtube.com/embed/_5yo31Pjx0c,4
"Medical Laboratory Scientist",https://www.youtube.com/embed/6eZnK5YTvt0,3
"Mental Health",https://www.youtube.com/embed/gu_hiRkIqLY,3
"Mining",https://www.youtube.com/embed/Cif6Opn7WC0,5
"Mining",https://www.youtube.com/embed/Cif6Opn7WC0,7
"Mining",https://www.youtube.com/embed/Cif6Opn7WC0,8
"Motor Trimming",https://www.youtube.com/embed/oXt39x7v5jA,8
"Motorcycle Engineering",https://www.youtube.com/embed/rEt16Mh7DZw,8
"Museum Host - Te Papa",https://www.youtube.com/embed/OC7rgjdYuUE,4
"Mussel Farming",https://www.youtube.com/embed/nHQh0dqJXyA,5
"Navy",https://www.youtube.com/embed/vZTLh3r-fCI,3
"Navy",https://www.youtube.com/embed/vZTLh3r-fCI,4
"Navy",https://www.youtube.com/embed/vZTLh3r-fCI,8
"Navy Officer",https://www.youtube.com/embed/fmm_GoYHHGs,3
"Navy Officer",https://www.youtube.com/embed/fmm_GoYHHGs,4
"Nurse with Dept of Corrections",https://www.youtube.com/embed/VwfkIoEPfHk,3
"Nurseryman Production",https://www.youtube.com/embed/BuAmOvDtrME,5
"Nurseryman Production",https://www.youtube.com/embed/BuAmOvDtrME,7
"NZ Army Electronics Technician ",https://www.youtube.com/embed/8-z9lbsxHJE,3
"NZ Army Electronics Technician ",https://www.youtube.com/embed/8-z9lbsxHJE,4
"NZ Army Electronics Technician ",https://www.youtube.com/embed/8-z9lbsxHJE,8
"Occupational Therapy",https://www.youtube.com/embed/EmSweaCCnjA,4
"Ophthalmology with The Eye Institute ",https://www.youtube.com/embed/s4TNlR_WLgs,3
"Optometrist",https://www.youtube.com/embed/1NB4YA9Q7bw,3
"Optometrist2 ",https://www.youtube.com/embed/puglVoGRHxo,3
"Optometry - Study Path",https://www.youtube.com/embed/9YJHUrVkTh4,3
"Optometry with Specsavers",https://www.youtube.com/embed/Og8imIV8Qqk,3
"Outdoor Power Equipment Technician",https://www.youtube.com/embed/KJbb4K-fqRY,8
"Outdoor Recreation",https://www.youtube.com/embed/466NTNIutos,3
"Outdoor Recreation Guide/Instructor",https://www.youtube.com/embed/wGme19zkJfc,8
"Overseas Experience",https://www.youtube.com/embed/gebZMJ4DK_8,2
"Painting and Decorating",https://www.youtube.com/embed/XL1dFu2RS7E,6
"Painting and Decorating",https://www.youtube.com/embed/XL1dFu2RS7E,7
"Painting and Decorating ",https://www.youtube.com/embed/XL1dFu2RS7E,6
"Painting and Decorating ",https://www.youtube.com/embed/XL1dFu2RS7E,7
"Pavement Surfacing",https://www.youtube.com/embed/PxvWJicLNyk,7
"Pavement Surfacing",https://www.youtube.com/embed/PxvWJicLNyk,8
"Performing Arts Teacher",https://www.youtube.com/embed/YFup_YOi58Q,3
"Performing Arts Teacher",https://www.youtube.com/embed/YFup_YOi58Q,5
"Personal Fitness Trainer",https://www.youtube.com/embed/MkEeepRne-k,4
"Petrochemical Engineer",https://www.youtube.com/embed/LurOPb6lbxI,8
"Pharmacist",https://www.youtube.com/embed/0xxcQQtZKzI,3
"Pharmacy Technician",https://www.youtube.com/embed/-jjeKxpAEZM,3
"Physiotherapy and Occupational Therapy",https://www.youtube.com/embed/BiK0w39ZvlM,3
"Pizza Hut",https://www.youtube.com/embed/f9Slq2ck7xQ,4
"Plumbing",https://www.youtube.com/embed/F3iCl8pyN4c,7
"Power Technician & Line Mechanic",https://www.youtube.com/embed/FhrRS4LPhNI,8
"Production Worker ",https://www.youtube.com/embed/6UEojp7lCks,8
"Public Health Doctor",https://www.youtube.com/embed/xvn3wiHb81E,3
"Public Health Nurse",https://www.youtube.com/embed/-u4kpl3nvcA,3
"Public Health Programme Coordinator",https://www.youtube.com/embed/vSBq9zlId7A,3
"Public Health Promotion",https://www.youtube.com/embed/XBmYf1Dusiw,4
"Quarrying",https://www.youtube.com/embed/VgGtM5PPcT8,7
"Quarrying",https://www.youtube.com/embed/VgGtM5PPcT8,8
"Real Estate",https://www.youtube.com/embed/FEiF0fMUpvA,4
"Real Estate",https://www.youtube.com/embed/qL5JdlIwKao,4
"Refrigeration Engineering",https://www.youtube.com/embed/s8RHouFMRvc,8
"Removalist",https://www.youtube.com/embed/C2EslRuYiJI,4
"Residential Building",https://www.youtube.com/embed/f5XtNxwGEWM,7
"Resin Flooring",https://www.youtube.com/embed/vzZ-4dK79mQ,7
"Resource Recovery",https://www.youtube.com/embed/KZ0WJRlLoP8,4
"Resource Teacher in Learning and Behaviour",https://www.youtube.com/embed/APZ8NVYik9A,4
"Restaurant Manager",https://www.youtube.com/embed/nD1SLSzOVIU,4
"Retail Account Manager",https://www.youtube.com/embed/Tn-om7472DM,4
"Retail Buying",https://www.youtube.com/embed/wXNIk5KOlGE,4
"Retail Meat Industry",https://www.youtube.com/embed/DXsBJg1lsXM,4
"Retail Sales - Mitre 10 Mega",https://www.youtube.com/embed/yRtZiEjWvUk,4
"Retail Sales - Overland Shoes",https://www.youtube.com/embed/_WasP1uCXkE,4
"Retail Sales Assistant",https://www.youtube.com/embed/n-K255cyBDk,4
"RNZAF - Air Security Specialist ",https://www.youtube.com/embed/Ku4OgU8AdQI,3
"RNZAF - Air Security Specialist ",https://www.youtube.com/embed/Ku4OgU8AdQI,4
"RNZAF - Air Warfare Specialist ",https://www.youtube.com/embed/lf5X10Q-YyA,3
"RNZAF - Air Warfare Specialist ",https://www.youtube.com/embed/lf5X10Q-YyA,4
"RNZAF Aircraft Technician",https://www.youtube.com/embed/v2P-N0Bj7XI,3
"RNZAF Aircraft Technician",https://www.youtube.com/embed/v2P-N0Bj7XI,4
"RNZAF Aircraft Technician",https://www.youtube.com/embed/v2P-N0Bj7XI,8
"RNZAF Avionics",https://www.youtube.com/embed/qkqVP6v2DUU,3
"RNZAF Avionics",https://www.youtube.com/embed/qkqVP6v2DUU,4
"RNZAF Avionics",https://www.youtube.com/embed/qkqVP6v2DUU,8
"RNZAF Avionics Technician",https://www.youtube.com/embed/wCMx5ruDa5E,3
"RNZAF Avionics Technician",https://www.youtube.com/embed/wCMx5ruDa5E,4
"RNZAF Avionics Technician",https://www.youtube.com/embed/wCMx5ruDa5E,8
"RNZAF Communication and Information Systems Technician",https://www.youtube.com/embed/2ph272spWds,3
"RNZAF Communication and Information Systems Technician",https://www.youtube.com/embed/2ph272spWds,4
"RNZAF Communication and Information Systems Technician",https://www.youtube.com/embed/2ph272spWds,8
"RNZAF Engineering Officer",https://www.youtube.com/embed/TU0Z1xadbu0,3
"RNZAF Engineering Officer",https://www.youtube.com/embed/TU0Z1xadbu0,4
"RNZAF Engineering Officer",https://www.youtube.com/embed/TU0Z1xadbu0,8
"RNZAF Pilot",https://www.youtube.com/embed/C48Lr07wyrs,3
"RNZAF Pilot",https://www.youtube.com/embed/C48Lr07wyrs,4
"RNZAF Safety and Surface Technician",https://www.youtube.com/embed/y2UXNd5eW5g,3
"RNZAF Safety and Surface Technician",https://www.youtube.com/embed/y2UXNd5eW5g,4
"Road Construction",https://www.youtube.com/embed/f8a95Nkg2fA,7
"Road Construction",https://www.youtube.com/embed/f8a95Nkg2fA,8
"Roadmarking",https://www.youtube.com/embed/C8Z2qOAEGGk,7
"Roofer ",https://www.youtube.com/embed/1nnBxjEFlIw,7
"Roofing",https://www.youtube.com/embed/QpN3_BMl7K8,7
"Roofing",https://www.youtube.com/embed/GE0k2HAPGGg,7
"Rural Contracting",https://www.youtube.com/embed/zlKzxsKxcTM,4
"Rural Contracting",https://www.youtube.com/embed/zlKzxsKxcTM,5
"Rural Contracting",https://www.youtube.com/embed/zlKzxsKxcTM,4
"Rural Contracting",https://www.youtube.com/embed/zlKzxsKxcTM,5
"Rural Servicing",https://www.youtube.com/embed/FAwU8j0RgYM,4
"Rural Servicing",https://www.youtube.com/embed/FAwU8j0RgYM,5
"Salmon Farming",https://www.youtube.com/embed/hh-4onzMvfU,5
"Saw Mill",https://www.youtube.com/embed/TCaqBBR63sU,5
"Saw Mill",https://www.youtube.com/embed/TCaqBBR63sU,8
"Scaffolder ",https://www.youtube.com/embed/nr0jvM9-YUc,7
"Scaffolding",https://www.youtube.com/embed/Ps-5FlUKTss,7
"School Principal",https://www.youtube.com/embed/U4U6-4EUAPE,3
"Secondary School Teacher",https://www.youtube.com/embed/F-Bf-ffu6v8,3
"Security",https://www.youtube.com/embed/ydKyMNsDq6E,4
"Sheep and Beef Farming",https://www.youtube.com/embed/Yp6O2xhi_pA,5
"Sheep and Beef Farming",https://www.youtube.com/embed/wDexL9m8k5o,5
"Skycity - Restaurant Manager",https://www.youtube.com/embed/CPzAgd5-Nbo,4
"Skycity - Table Games Dealer",https://www.youtube.com/embed/7H4aHZgqvEw,4
"Sports Leisure Centre Management ",https://www.youtube.com/embed/MTX-hoA_RBw,4
"Sports Turf Management - Cricket",https://www.youtube.com/embed/ai7JQIR5qxk,4
"Sports Turf Management - Cricket",https://www.youtube.com/embed/ai7JQIR5qxk,5
"Sports Turf Management - WestPac",https://www.youtube.com/embed/U587FCSbaqE,4
"Sports Turf Management - WestPac",https://www.youtube.com/embed/U587FCSbaqE,5
"Store Manager Warehouse Stationery",https://www.youtube.com/embed/uoppSm6Z4b4,4
"Surveying",https://www.youtube.com/embed/HC-WSsRawnE,7
"Telecommunications",https://www.youtube.com/embed/iaxx3Cg2Kbs,4
"Telecommunications",https://www.youtube.com/embed/iaxx3Cg2Kbs,8
"The Warehouse - Team Leader",https://www.youtube.com/embed/oAOAYbMBk_k,4
"Timber Flooring",https://www.youtube.com/embed/tBrm-tEV1nU,6
"Timber Flooring",https://www.youtube.com/embed/tBrm-tEV1nU,7
"Tourism",https://www.youtube.com/embed/2MTovH5I_PE,4
"Tourism - Maori Tourism",https://www.youtube.com/embed/0Ce2xbS2sxA,4
"Tourism - Rotorua",https://www.youtube.com/embed/2MTovH5I_PE,4
"Train Driver",https://www.youtube.com/embed/qKWPX6CKPYQ,4
"Travel Agency Consultant",https://www.youtube.com/embed/RmJr-EyLLGw,4
"Treescape - Arborist",https://www.youtube.com/embed/9tIWnH3vEPs,4
"Treescape - Arborist",https://www.youtube.com/embed/9tIWnH3vEPs,5
"Treescape - Arborist",https://www.youtube.com/embed/9tIWnH3vEPs,7
"Treescape - Land Clearing",https://www.youtube.com/embed/S1GuxN1QhW0,4
"Treescape - Land Clearing",https://www.youtube.com/embed/S1GuxN1QhW0,5
"Treescape - Land Clearing",https://www.youtube.com/embed/S1GuxN1QhW0,7
"Treescape - Utility Arborist",https://www.youtube.com/embed/_AYFqFe3e5o,4
"Treescape - Utility Arborist",https://www.youtube.com/embed/_AYFqFe3e5o,5
"Treescape - Utility Arborist",https://www.youtube.com/embed/_AYFqFe3e5o,7
"Truck Driving Part 1",https://www.youtube.com/embed/KUSzKMsD7FE,4
"Truck Driving Part 2",https://www.youtube.com/embed/F_rBXH7LQ5o,4
"Vegetable Production ",https://www.youtube.com/embed/pTGMBIrhZOI,5
"Veterinarian",https://www.youtube.com/embed/wckXjcD5C58,5
"Veterinary Nurse ",https://www.youtube.com/embed/eFdtiRPerag,5
"Viticulture",https://www.youtube.com/embed/awp1lCXUsug,5
"Volunteer Firefighter",https://www.youtube.com/embed/kIkswup_Ea4,3
"Volunteer Rural Firefighter",https://www.youtube.com/embed/LDrSGOaD-V4,3
"Warehouse Stationery - Store Manager ",https://www.youtube.com/embed/46v0OuuravE,4
"Warehousing & Distribution",https://www.youtube.com/embed/QTrzEZJEX0c,4
"Waste Water Treatment ",https://www.youtube.com/embed/N7tI14oH5XM,7
"Waste Water Treatment ",https://www.youtube.com/embed/N7tI14oH5XM,8
"Water Reticulation",https://www.youtube.com/embed/cBs0IHu9zQA,7
"Water Reticulation",https://www.youtube.com/embed/cBs0IHu9zQA,8
"Water Treatment",https://www.youtube.com/embed/ZjwWhNjJlNc,7
"Water Treatment",https://www.youtube.com/embed/ZjwWhNjJlNc,8
"Winemaker ",https://www.youtube.com/embed/iVTr3eStrW8,5
"Wool Harvesting",https://www.youtube.com/embed/oKtON4ZP0rc,5
"Working for Yourself",https://www.youtube.com/embed/QTme7NVzxOg,2
"Youth Social Worker",https://www.youtube.com/embed/Kf9Sm1mDhas,3
"SADD Video",https://www.youtube.com/embed/PuqvSrluJig,1
"Bachelor of IT",https://www.youtube.com/embed/9MPZSZC7q2c,2
"Civil Engineering",https://www.youtube.com/embed/lGOqqHrBmmw,2
"Abacus Bio",https://www.youtube.com/embed/W5VLd3xY834,2
"Fringe Festival",https://www.youtube.com/embed/69WGQ-46U9A,2
"Southern District Health Board",https://www.youtube.com/embed/PMTVm0yi3Vo,2
"RATA South Otago",https://www.youtube.com/embed/XnDuGqwJZVY,2
"Pier 24",https://www.youtube.com/embed/_ZjDD5NUWs8,2
"Why Otago Polytechnic",https://www.youtube.com/embed/-MlNPRMB-N0,2
"NZ Cricket",https://www.youtube.com/embed/8gJeyU6HI0k,2
"Cardrona Alpine Resort",https://www.youtube.com/embed/lXmvOV3oCKQ,2
"Architecture van Brandenburg",https://www.youtube.com/embed/W-tvZYwyHyA,2
"Wainwright and Co",https://www.youtube.com/embed/w3tgqoeZuQM,2
"Green Island Veterinary Clinic",https://www.youtube.com/embed/omI_UwqwsKk,2
"School of Art",https://www.youtube.com/embed/whLJL4hYDhw,2
"Graduate Tessa Hewlett",https://www.youtube.com/embed/0HaDuItCqhk,2
"Graduate Nina Daniels",https://www.youtube.com/embed/1DQ6Kuoa2os,2
"Graduate Kirsty Lind",https://www.youtube.com/embed/7abqkpeqmJk,2
"Graduate Finn Glover",https://www.youtube.com/embed/XA0NyAQG6sM,2
"Graduate Dean Griffiths",https://www.youtube.com/embed/UuLpGOFC5AI,2
"Francis Hooper",https://www.youtube.com/embed/vUrcQtRJPXQ,2
"Lachlan Rutherford",https://www.youtube.com/embed/Lp_0xG7Fn-0,2
